{
  "epochs": 500,
  "lr": 0.003168536737933635,
  "lambda_wl": 3.5782881854111284,
  "lambda_overlap_start": 1.2275884886899395,
  "lambda_overlap_end": 96.2221874242482,
  "lambda_density": 1.6431083760707448,
  "beta_start": 0.10602929018860124,
  "beta_end": 2.031792866739022,
  "warmup_epochs": 200,
  "lr_schedule": "warmup_cosine",
  "repair_iterations": 200
}