{
  "epochs": 500,
  "lr": 0.0010107387055205456,
  "lambda_wl": 7.514811146780762,
  "lambda_overlap_start": 2.651308600184698,
  "lambda_overlap_end": 140.15996665127153,
  "lambda_density": 2.6210626102260393,
  "beta_start": 0.42696286915304116,
  "beta_end": 3.5114007509741345,
  "warmup_epochs": 50,
  "lr_schedule": "warmup_cosine",
  "pipeline_passes": 5,
  "gs_passes": 6,
  "repair_iterations": 200,
  "_skip_global_swap": false
}